timestamp,open,high,low,close,volume
2019-01-01 00:00:00,131.45,131.54,131.01,131.31,3431.58885
2019-01-01 00:15:00,131.3,131.44,131.25,131.29,1914.77814
2019-01-01 00:30:00,131.28,131.81,131.16,131.78,3454.192
2019-01-01 00:45:00,131.78,132.22,131.61,131.82,3877.40277
2019-01-01 01:00:00,131.83,131.88,131.26,131.65,2900.49848
2019-01-01 01:15:00,131.64,131.67,131.38,131.51,1637.91872
2019-01-01 01:30:00,131.5,131.53,131.2,131.28,1569.21661
2019-01-01 01:45:00,131.28,131.3,131.0,131.14,3434.21184
2019-01-01 02:00:00,131.19,131.34,131.0,131.11,2354.77433
2019-01-01 02:15:00,131.11,131.27,130.36,130.68,4120.8817
2019-01-01 02:30:00,130.7,130.88,130.58,130.7,1995.20227
2019-01-01 02:45:00,130.7,130.86,130.0,130.72,3568.18306
2019-01-01 03:00:00,130.72,131.31,130.71,131.3,2421.86938
2019-01-01 03:15:00,131.33,131.47,131.3,131.32,1314.39847
2019-01-01 03:30:00,131.33,131.38,131.0,131.02,894.87352
2019-01-01 03:45:00,131.02,131.33,130.9,131.32,1689.16606
2019-01-01 04:00:00,131.31,134.0,131.3,133.85,14032.53703
2019-01-01 04:15:00,133.87,133.87,132.73,133.02,6403.22102
2019-01-01 04:30:00,133.04,133.16,132.25,132.34,4621.51036
2019-01-01 04:45:00,132.34,132.9,132.06,132.35,4157.37354
2019-01-01 05:00:00,132.37,132.8,132.37,132.75,3230.18208
2019-01-01 05:15:00,132.72,132.98,132.6,132.69,1737.59405
2019-01-01 05:30:00,132.69,132.86,132.64,132.82,869.89698
2019-01-01 05:45:00,132.81,132.89,132.65,132.75,900.98466
2019-01-01 06:00:00,132.74,133.12,132.67,133.03,1617.37633
2019-01-01 06:15:00,133.01,133.08,132.9,133.0,1423.36743
2019-01-01 06:30:00,133.0,133.34,132.9,133.08,1886.73902
2019-01-01 06:45:00,133.07,133.5,133.06,133.36,1276.80123
2019-01-01 07:00:00,133.36,133.75,133.36,133.62,1678.42573
2019-01-01 07:15:00,133.63,134.3,133.21,133.38,4631.6077
2019-01-01 07:30:00,133.38,133.48,133.01,133.08,1940.15336
2019-01-01 07:45:00,133.08,133.65,133.05,133.56,1964.76419
2019-01-01 08:00:00,133.56,133.81,133.19,133.64,1863.13061
2019-01-01 08:15:00,133.61,134.8,133.3,134.67,5588.20837
2019-01-01 08:30:00,134.71,135.0,134.21,134.8,3915.113
2019-01-01 08:45:00,134.78,135.3,134.4,134.52,4975.75466
2019-01-01 09:00:00,134.55,134.78,134.07,134.14,4703.11538
2019-01-01 09:15:00,134.13,134.73,134.07,134.54,3230.67279
2019-01-01 09:30:00,134.58,134.58,133.55,133.7,3355.64025
2019-01-01 09:45:00,133.69,134.06,133.66,133.7,3605.92868
2019-01-01 10:00:00,133.72,134.14,133.66,134.04,1879.06547
2019-01-01 10:15:00,134.05,134.13,133.73,133.87,1724.44958
2019-01-01 10:30:00,133.86,133.99,133.74,133.85,1464.77281
2019-01-01 10:45:00,133.83,133.89,133.68,133.86,1319.81405
2019-01-01 11:00:00,133.89,134.46,133.84,134.4,1766.9009
2019-01-01 11:15:00,134.4,134.7,134.07,134.38,1903.85197
2019-01-01 11:30:00,134.38,134.4,134.02,134.03,1389.64255
2019-01-01 11:45:00,134.03,134.37,133.71,133.75,1590.95959
2019-01-01 12:00:00,133.78,134.0,133.17,133.9,5286.35461
2019-01-01 12:15:00,133.91,134.38,133.91,134.08,2045.19097
2019-01-01 12:30:00,134.05,134.23,133.94,134.18,1644.89051
2019-01-01 12:45:00,134.26,134.76,134.09,134.48,2442.25259
2019-01-01 13:00:00,134.48,134.56,134.14,134.17,1700.96896
2019-01-01 13:15:00,134.17,134.21,133.87,134.21,2248.73609
2019-01-01 13:30:00,134.21,134.29,134.07,134.09,739.60036
2019-01-01 13:45:00,134.09,136.0,134.0,134.54,7945.07635
2019-01-01 14:00:00,134.43,134.51,132.95,133.86,6457.89876
2019-01-01 14:15:00,133.86,134.5,133.61,133.75,3108.43616
2019-01-01 14:30:00,133.75,134.11,133.51,134.05,2100.86693
2019-01-01 14:45:00,134.05,134.08,133.51,133.57,1677.16133
2019-01-01 15:00:00,133.52,133.73,132.26,132.5,6499.44511
2019-01-01 15:15:00,132.5,133.27,132.46,133.01,4793.10268
2019-01-01 15:30:00,133.01,133.62,132.82,133.13,2784.95672
2019-01-01 15:45:00,133.15,133.47,132.9,132.98,1646.24354
2019-01-01 16:00:00,132.97,133.13,132.5,133.03,2350.87068
2019-01-01 16:15:00,133.03,133.31,132.86,133.28,1280.92022
2019-01-01 16:30:00,133.3,133.31,133.0,133.19,1151.7042
2019-01-01 16:45:00,133.19,133.3,133.0,133.29,764.08431
2019-01-01 17:00:00,133.29,133.58,133.16,133.46,1274.20109
2019-01-01 17:15:00,133.46,133.6,133.22,133.22,638.56611
2019-01-01 17:30:00,133.26,133.31,132.6,132.98,1734.71261
2019-01-01 17:45:00,132.97,133.0,132.52,132.58,1624.46774
2019-01-01 18:00:00,132.56,132.65,131.5,131.59,4541.55306
2019-01-01 18:15:00,131.59,132.46,131.5,132.21,2128.38217
2019-01-01 18:30:00,132.21,132.32,131.0,131.55,5466.93984
2019-01-01 18:45:00,131.56,132.1,131.28,132.04,2652.74202
2019-01-01 19:00:00,132.04,133.23,132.04,133.22,2908.01953
2019-01-01 19:15:00,133.22,133.53,132.6,133.12,4842.83208
2019-01-01 19:30:00,133.12,134.68,133.1,134.59,8047.89098
2019-01-01 19:45:00,134.58,135.58,133.86,135.27,9754.71008
2019-01-01 20:00:00,135.26,139.17,135.16,138.27,31052.10265
2019-01-01 20:15:00,138.29,139.48,136.83,138.32,20491.39444
2019-01-01 20:30:00,138.3,138.47,137.2,137.37,8317.09576
2019-01-01 20:45:00,137.37,138.0,136.89,137.95,7195.26674
2019-01-01 21:00:00,137.95,139.02,137.92,138.07,10958.04161
2019-01-01 21:15:00,138.08,138.28,137.51,138.15,8679.249
2019-01-01 21:30:00,138.15,138.54,137.82,137.88,4950.58436
2019-01-01 21:45:00,137.87,137.89,137.0,137.06,5139.94435
2019-01-01 22:00:00,137.05,137.83,137.02,137.32,4397.44126
2019-01-01 22:15:00,137.31,137.35,136.21,136.66,6705.79602
2019-01-01 22:30:00,136.66,137.55,136.29,137.02,4660.59671
2019-01-01 22:45:00,137.02,137.97,136.98,137.63,2821.60237
2019-01-01 23:00:00,137.64,138.1,136.71,137.75,4254.12819
2019-01-01 23:15:00,137.75,140.67,137.7,139.37,22134.07981
2019-01-01 23:30:00,139.37,139.78,137.8,138.09,9067.89309
2019-01-01 23:45:00,138.05,139.49,137.5,139.1,9439.18165
2019-01-02 00:00:00,139.1,140.0,138.44,139.21,12332.83335
2019-01-02 00:15:00,139.2,139.57,138.22,138.9,6806.27822
2019-01-02 00:30:00,138.79,138.86,138.07,138.55,6260.04169
2019-01-02 00:45:00,138.47,139.77,138.46,138.92,8467.82541
2019-01-02 01:00:00,138.92,140.0,138.38,138.55,6339.25958
2019-01-02 01:15:00,138.48,139.13,138.47,138.83,3122.20736
2019-01-02 01:30:00,138.83,139.08,138.7,139.02,2524.64527
2019-01-02 01:45:00,139.01,139.02,137.76,138.04,4309.24479
2019-01-02 02:00:00,138.02,138.49,137.79,138.36,3241.55855
2019-01-02 02:15:00,138.37,138.62,138.26,138.57,2843.24423
2019-01-02 02:30:00,138.57,138.75,138.45,138.54,2629.79566
2019-01-02 02:45:00,138.57,138.59,138.18,138.59,3330.32477
2019-01-02 03:00:00,138.59,139.21,138.46,139.0,4009.12767
2019-01-02 03:15:00,138.99,139.28,138.84,139.0,2661.96349
2019-01-02 03:30:00,139.0,139.02,138.02,138.55,2835.1782
2019-01-02 03:45:00,138.54,138.74,138.44,138.67,1400.16818
2019-01-02 04:00:00,138.66,138.9,138.3,138.7,3452.55964
2019-01-02 04:15:00,138.7,138.95,138.53,138.92,1377.49793
2019-01-02 04:30:00,138.92,139.02,138.76,138.95,1526.05975
2019-01-02 04:45:00,138.91,139.58,138.91,139.18,3778.74904
2019-01-02 05:00:00,139.19,139.21,138.76,138.84,1960.01181
2019-01-02 05:15:00,138.84,138.9,138.75,138.82,809.50637
2019-01-02 05:30:00,138.82,138.95,138.77,138.85,1802.73985
2019-01-02 05:45:00,138.86,139.18,138.78,138.91,2036.86066
2019-01-02 06:00:00,138.91,139.08,138.91,139.08,2091.19409
2019-01-02 06:15:00,139.08,139.31,139.0,139.04,1449.18258
2019-01-02 06:30:00,139.04,139.12,138.3,138.54,6614.94045
2019-01-02 06:45:00,138.53,139.17,138.49,138.99,3713.2158
2019-01-02 07:00:00,138.99,143.0,138.96,142.92,26020.41807
2019-01-02 07:15:00,142.9,142.98,141.45,142.37,9544.87993
2019-01-02 07:30:00,142.4,144.0,142.37,142.87,14822.00413
2019-01-02 07:45:00,142.92,143.88,142.83,143.48,13882.65379
2019-01-02 08:00:00,143.48,147.3,143.42,146.53,67757.74215
2019-01-02 08:15:00,146.43,147.2,144.27,144.95,26579.33207
2019-01-02 08:30:00,144.95,145.09,144.31,144.66,12874.02271
2019-01-02 08:45:00,144.63,144.94,144.5,144.57,8462.25277
2019-01-02 09:00:00,144.58,144.97,143.65,144.28,11981.8231
2019-01-02 09:15:00,144.23,145.12,144.0,145.03,7257.72921
2019-01-02 09:30:00,145.04,145.6,144.82,145.36,10511.69192
2019-01-02 09:45:00,145.35,145.38,144.35,144.62,8120.80386
2019-01-02 10:00:00,144.66,145.02,144.36,144.54,6094.51135
2019-01-02 10:15:00,144.55,145.56,144.55,145.27,7644.4697
2019-01-02 10:30:00,145.27,148.09,145.22,147.41,20748.40342
2019-01-02 10:45:00,147.43,149.09,147.43,148.65,27664.86996
2019-01-02 11:00:00,148.66,148.7,146.83,147.9,23376.5469
2019-01-02 11:15:00,147.9,149.11,147.57,148.39,11737.9092
2019-01-02 11:30:00,148.39,148.96,147.45,148.58,12448.51073
2019-01-02 11:45:00,148.57,148.61,147.46,147.81,7121.12153
2019-01-02 12:00:00,147.82,148.12,146.33,147.25,10379.17561
2019-01-02 12:15:00,147.2,147.28,146.42,146.96,5380.51583
2019-01-02 12:30:00,146.96,148.12,146.96,148.04,7252.4641
2019-01-02 12:45:00,148.04,148.26,147.52,148.07,10777.05644
2019-01-02 13:00:00,148.02,150.35,147.95,149.59,20571.68699
2019-01-02 13:15:00,149.58,150.26,148.73,149.61,14274.24547
2019-01-02 13:30:00,149.64,151.9,149.21,151.04,20469.21218
2019-01-02 13:45:00,151.05,152.48,150.87,151.9,13824.35022
2019-01-02 14:00:00,151.9,152.15,149.21,150.01,27864.50378
2019-01-02 14:15:00,150.01,151.2,149.66,150.92,11941.63102
2019-01-02 14:30:00,150.9,151.18,149.3,149.78,11386.95597
2019-01-02 14:45:00,149.78,151.0,149.77,150.55,8441.47233
2019-01-02 15:00:00,150.55,151.4,149.55,149.6,9806.87076
2019-01-02 15:15:00,149.65,150.39,148.56,148.87,8400.12019
2019-01-02 15:30:00,148.92,149.42,147.59,147.87,11801.63729
2019-01-02 15:45:00,147.87,148.82,146.95,148.62,15708.21117
2019-01-02 16:00:00,148.62,149.3,147.92,148.87,9790.99209
2019-01-02 16:15:00,148.91,150.15,148.81,150.04,11115.19414
2019-01-02 16:30:00,150.05,150.87,149.67,150.66,10018.45295
2019-01-02 16:45:00,150.61,152.25,149.22,149.24,21431.83746
2019-01-02 17:00:00,149.21,149.91,148.01,148.82,12708.04733
2019-01-02 17:15:00,148.8,149.11,147.69,148.75,9822.59697
2019-01-02 17:30:00,148.75,150.14,148.45,149.67,10385.08679
2019-01-02 17:45:00,149.67,149.69,148.8,149.06,5980.18067
2019-01-02 18:00:00,149.02,149.37,147.2,148.21,8783.09508
2019-01-02 18:15:00,148.22,148.78,147.95,148.64,3774.95921
2019-01-02 18:30:00,148.62,148.75,148.3,148.34,2598.50657
2019-01-02 18:45:00,148.33,149.74,148.3,149.2,4625.12083
2019-01-02 19:00:00,149.21,149.47,148.74,148.96,3070.80806
2019-01-02 19:15:00,148.96,149.1,148.1,148.45,4287.24448
2019-01-02 19:30:00,148.48,151.16,148.45,150.41,10074.7616
2019-01-02 19:45:00,150.41,150.72,149.65,150.49,5596.70215
2019-01-02 20:00:00,150.5,150.5,149.31,149.61,5900.84885
2019-01-02 20:15:00,149.61,150.39,149.4,150.26,5213.06083
2019-01-02 20:30:00,150.24,151.1,149.97,150.46,8813.84188
2019-01-02 20:45:00,150.43,151.6,149.76,151.18,8112.63865
2019-01-02 21:00:00,151.19,151.8,150.4,150.95,7710.86443
2019-01-02 21:15:00,150.97,151.38,150.62,151.2,3909.92562
2019-01-02 21:30:00,151.19,153.88,151.15,153.53,13650.64285
2019-01-02 21:45:00,153.55,154.8,152.59,153.55,24391.92049
2019-01-02 22:00:00,153.54,154.07,152.3,152.63,12165.64215
2019-01-02 22:15:00,152.73,153.07,152.0,153.0,6195.76147
2019-01-02 22:30:00,153.02,153.19,151.82,152.56,7188.44893
2019-01-02 22:45:00,152.58,154.18,152.54,153.67,7434.57244
2019-01-02 23:00:00,153.67,155.37,153.52,153.89,20986.11885
2019-01-02 23:15:00,153.88,153.99,152.7,153.75,11528.3344
2019-01-02 23:30:00,153.73,154.26,152.84,153.13,9317.33364
2019-01-02 23:45:00,153.13,153.29,151.19,152.01,8244.75314
2019-01-03 00:00:00,152.01,152.8,151.9,152.21,8593.03597
2019-01-03 00:15:00,152.21,152.34,149.41,150.01,13460.20314
2019-01-03 00:30:00,150.04,152.0,149.97,151.17,9314.51482
2019-01-03 00:45:00,151.17,151.27,148.67,149.4,9629.06704
2019-01-03 01:00:00,149.4,150.71,149.4,150.26,6428.5155
2019-01-03 01:15:00,150.26,150.45,149.26,149.8,5311.3271
2019-01-03 01:30:00,149.8,151.3,149.55,150.79,6604.36491
2019-01-03 01:45:00,150.78,151.28,150.56,150.89,3893.72543
2019-01-03 02:00:00,150.88,152.21,150.84,151.97,5762.06952
2019-01-03 02:15:00,151.97,152.01,151.19,151.43,4563.60188
2019-01-03 02:30:00,151.43,151.51,150.39,150.63,5331.75252
2019-01-03 02:45:00,150.65,151.18,150.0,151.03,6594.34471
2019-01-03 03:00:00,151.08,151.1,150.52,151.09,3087.30337
2019-01-03 03:15:00,151.1,151.81,151.1,151.29,3966.0734
2019-01-03 03:30:00,151.28,151.51,150.77,150.92,2721.35479
2019-01-03 03:45:00,150.88,152.0,150.7,151.78,5713.929
2019-01-03 04:00:00,151.78,153.64,151.46,152.86,16504.55345
2019-01-03 04:15:00,152.88,153.5,152.84,152.97,6456.56767
2019-01-03 04:30:00,152.97,153.18,152.17,152.33,7331.01467
2019-01-03 04:45:00,152.33,152.74,151.81,152.22,4832.23013
2019-01-03 05:00:00,152.22,153.18,152.0,152.99,4864.11352
2019-01-03 05:15:00,152.96,153.0,150.81,151.36,10054.24206
2019-01-03 05:30:00,151.35,151.68,150.65,150.79,8073.3342
2019-01-03 05:45:00,150.8,152.25,150.78,151.72,7421.03727
2019-01-03 06:00:00,151.78,152.53,151.61,151.85,4256.55467
2019-01-03 06:15:00,151.85,152.62,151.77,152.0,4734.73132
2019-01-03 06:30:00,152.01,152.24,151.34,151.44,3994.43637
2019-01-03 06:45:00,151.46,152.13,151.21,151.93,4463.88511
2019-01-03 07:00:00,151.93,152.11,151.69,151.84,4678.29466
2019-01-03 07:15:00,151.83,151.91,151.39,151.53,4827.04784
2019-01-03 07:30:00,151.53,152.1,151.47,152.02,4896.42728
2019-01-03 07:45:00,151.97,152.26,151.61,151.8,4129.59906
2019-01-03 08:00:00,151.76,151.87,151.5,151.68,4701.51765
2019-01-03 08:15:00,151.69,151.76,150.01,150.7,8140.1825
2019-01-03 08:30:00,150.67,151.03,149.72,149.85,8083.27357
2019-01-03 08:45:00,149.89,149.9,147.77,148.51,18839.55775
2019-01-03 09:00:00,148.51,149.3,148.0,149.22,10999.91252
2019-01-03 09:15:00,149.2,149.24,147.99,148.29,11381.4247
2019-01-03 09:30:00,148.28,148.4,145.8,147.58,23644.48458
2019-01-03 09:45:00,147.59,148.91,146.83,147.99,15289.65045
2019-01-03 10:00:00,147.98,148.91,147.83,148.35,7734.59058
2019-01-03 10:15:00,148.34,149.28,148.27,148.35,21902.38134
2019-01-03 10:30:00,148.44,148.63,148.03,148.18,5637.07251
2019-01-03 10:45:00,148.15,148.54,147.75,148.28,5315.26552
2019-01-03 11:00:00,148.28,148.29,146.9,147.04,7249.80608
2019-01-03 11:15:00,147.07,147.19,145.6,146.32,13123.91897
2019-01-03 11:30:00,146.29,146.36,144.71,145.24,17259.57984
2019-01-03 11:45:00,145.24,147.16,145.16,146.5,13989.42854
2019-01-03 12:00:00,146.53,147.51,146.13,147.32,9141.77691
2019-01-03 12:15:00,147.32,147.5,146.54,146.62,6607.82575
2019-01-03 12:30:00,146.6,146.95,145.8,146.89,6437.34064
2019-01-03 12:45:00,146.89,148.6,146.88,148.33,12613.88292
2019-01-03 13:00:00,148.35,148.91,147.72,148.28,8762.2723
2019-01-03 13:15:00,148.28,148.49,147.6,147.87,6090.88572
2019-01-03 13:30:00,147.86,148.86,147.85,147.86,4374.38185
2019-01-03 13:45:00,147.86,148.38,147.21,148.29,4751.59881
2019-01-03 14:00:00,148.29,148.29,147.42,147.6,4890.6563
2019-01-03 14:15:00,147.6,147.85,147.1,147.79,4049.54309
2019-01-03 14:30:00,147.79,148.65,147.7,147.75,5052.15007
2019-01-03 14:45:00,147.75,148.0,146.53,146.85,11933.4261
2019-01-03 15:00:00,146.85,148.0,145.93,147.52,9406.49335
2019-01-03 15:15:00,147.53,147.99,147.31,147.63,5220.91078
2019-01-03 15:30:00,147.62,147.69,146.89,147.0,5518.68007
2019-01-03 15:45:00,147.01,147.83,146.98,147.74,4088.61795
2019-01-03 16:00:00,147.74,147.89,146.34,146.58,7676.70013
2019-01-03 16:15:00,146.57,146.65,144.2,145.1,18038.24502
2019-01-03 16:30:00,145.08,145.85,144.64,145.15,8404.06292
2019-01-03 16:45:00,145.15,145.17,143.33,143.95,16967.11456
2019-01-03 17:00:00,143.95,144.75,143.11,143.97,9751.06052
2019-01-03 17:15:00,143.98,145.35,143.92,145.15,9457.36693
2019-01-03 17:30:00,145.15,145.49,144.91,145.16,5469.8349
2019-01-03 17:45:00,145.17,145.2,144.45,144.65,4073.23707
2019-01-03 18:00:00,144.55,144.68,143.53,144.0,5336.63685
2019-01-03 18:15:00,144.05,144.8,143.68,143.91,5121.38191
2019-01-03 18:30:00,143.94,144.81,143.77,144.41,4600.86478
2019-01-03 18:45:00,144.4,144.54,144.02,144.52,4186.69375
2019-01-03 19:00:00,144.51,145.5,144.51,145.25,7066.2874
2019-01-03 19:15:00,145.25,145.31,144.17,145.0,7424.71281
2019-01-03 19:30:00,145.0,145.16,144.07,144.66,4569.97736
2019-01-03 19:45:00,144.65,145.5,144.65,145.26,2780.45063
2019-01-03 20:00:00,145.26,145.91,144.94,145.8,4928.87341
2019-01-03 20:15:00,145.78,146.76,145.74,146.6,6087.86983
2019-01-03 20:30:00,146.62,146.65,145.88,146.34,3961.85713
2019-01-03 20:45:00,146.36,148.12,146.31,147.89,8811.46631
2019-01-03 21:00:00,147.88,147.9,146.91,147.42,6380.79446
2019-01-03 21:15:00,147.43,147.56,146.73,146.89,3674.43709
2019-01-03 21:30:00,146.89,147.04,145.84,145.93,5734.03305
2019-01-03 21:45:00,145.85,147.96,145.75,147.13,9355.83162
2019-01-03 22:00:00,147.12,147.25,145.91,146.68,5836.40208
2019-01-03 22:15:00,146.68,146.88,146.31,146.76,2560.21119
2019-01-03 22:30:00,146.78,147.66,146.75,147.57,3395.07015
2019-01-03 22:45:00,147.6,147.97,147.34,147.79,3030.32416
2019-01-03 23:00:00,147.79,147.8,146.61,146.82,3658.23883
2019-01-03 23:15:00,146.81,146.82,145.92,146.56,5691.42896
2019-01-03 23:30:00,146.55,146.56,145.27,145.81,5573.24209
2019-01-03 23:45:00,145.81,146.46,145.67,146.3,3760.86715
2019-01-04 00:00:00,146.3,146.38,144.21,144.9,10602.82663
2019-01-04 00:15:00,144.9,145.31,143.54,144.84,9514.11733
2019-01-04 00:30:00,144.84,146.1,144.55,146.03,5936.84332
2019-01-04 00:45:00,146.02,146.21,145.67,146.14,5431.5094
2019-01-04 01:00:00,146.14,147.49,146.12,146.98,6938.95093
2019-01-04 01:15:00,146.97,147.52,146.95,146.96,4773.27437
2019-01-04 01:30:00,146.97,147.78,146.97,147.68,4067.62556
2019-01-04 01:45:00,147.67,148.23,147.42,147.6,6818.92946
2019-01-04 02:00:00,147.6,147.6,146.23,146.42,4380.23484
2019-01-04 02:15:00,146.45,146.7,145.8,146.65,6054.52347
2019-01-04 02:30:00,146.65,147.17,146.01,146.99,5719.35702
2019-01-04 02:45:00,147.0,147.01,146.6,146.81,2053.55029
2019-01-04 03:00:00,146.82,146.93,146.12,146.41,3568.40355
2019-01-04 03:15:00,146.45,147.34,146.38,147.23,3268.51071
2019-01-04 03:30:00,147.16,148.78,146.85,148.27,7345.71423
2019-01-04 03:45:00,148.25,151.04,148.25,150.77,21707.15942
2019-01-04 04:00:00,150.77,151.78,150.0,150.63,13194.62266
2019-01-04 04:15:00,150.6,151.3,149.6,150.27,11938.65109
2019-01-04 04:30:00,150.28,150.32,149.54,150.03,5801.37832
2019-01-04 04:45:00,150.01,151.64,149.95,151.29,8705.58304
2019-01-04 05:00:00,151.28,152.0,150.78,151.35,8504.41101
2019-01-04 05:15:00,151.35,151.41,150.3,150.72,5205.3742
2019-01-04 05:30:00,150.73,153.5,150.65,153.06,18594.78764
2019-01-04 05:45:00,153.09,154.2,152.35,153.11,16438.02613
2019-01-04 06:00:00,153.11,153.75,152.62,153.33,9271.46738
2019-01-04 06:15:00,153.33,154.45,153.05,153.82,10262.7673
2019-01-04 06:30:00,153.83,154.67,153.1,153.76,14486.53967
2019-01-04 06:45:00,153.73,153.77,152.8,153.33,8373.17369
2019-01-04 07:00:00,153.33,154.2,153.2,154.16,7051.14635
2019-01-04 07:15:00,154.17,154.72,153.75,153.92,6516.21442
2019-01-04 07:30:00,153.89,153.99,153.59,153.9,4046.73886
2019-01-04 07:45:00,153.89,154.8,152.05,152.6,14104.29469
2019-01-04 08:00:00,152.6,153.97,151.79,153.27,20937.4566
2019-01-04 08:15:00,153.27,153.44,151.5,152.02,13377.66553
2019-01-04 08:30:00,152.03,152.63,152.01,152.23,5804.4135
2019-01-04 08:45:00,152.23,152.78,150.62,151.17,8045.04605
2019-01-04 09:00:00,151.17,151.54,150.09,150.92,10181.54082
2019-01-04 09:15:00,150.91,151.5,150.51,151.11,4555.54481
2019-01-04 09:30:00,151.1,151.67,150.6,151.2,4998.12974
2019-01-04 09:45:00,151.2,151.26,149.41,150.29,7631.33265
2019-01-04 10:00:00,150.26,150.95,149.49,150.58,8032.61411
2019-01-04 10:15:00,150.58,151.17,150.41,151.15,4376.86529
2019-01-04 10:30:00,151.15,151.25,150.55,151.0,8366.56873
2019-01-04 10:45:00,151.0,151.9,150.99,151.82,17027.64317
2019-01-04 11:00:00,151.85,151.99,150.95,151.4,6423.02095
2019-01-04 11:15:00,151.4,151.87,151.15,151.22,5651.01898
2019-01-04 11:30:00,151.17,151.3,150.76,150.85,6565.60237
2019-01-04 11:45:00,150.85,150.95,149.25,149.34,10497.69759
2019-01-04 12:00:00,149.38,150.36,148.68,149.34,11043.66699
2019-01-04 12:15:00,149.3,149.75,148.78,149.73,9112.6615
2019-01-04 12:30:00,149.7,150.4,149.5,149.91,6637.81503
2019-01-04 12:45:00,149.91,150.2,149.71,149.78,6372.31474
2019-01-04 13:00:00,149.78,149.8,148.18,149.08,9371.25054
2019-01-04 13:15:00,149.07,149.46,148.8,149.38,4383.40924
2019-01-04 13:30:00,149.38,150.79,149.36,149.7,10824.4136
2019-01-04 13:45:00,149.77,150.25,149.32,149.38,10294.78735
2019-01-04 14:00:00,149.38,150.0,149.36,149.96,4749.9241
2019-01-04 14:15:00,149.93,149.97,148.94,149.17,3967.71312
2019-01-04 14:30:00,149.14,149.17,144.89,145.36,31859.45634
2019-01-04 14:45:00,145.36,146.57,145.2,145.88,16700.59094
2019-01-04 15:00:00,145.97,146.23,144.66,145.88,18438.55074
2019-01-04 15:15:00,145.88,146.28,145.53,145.89,9505.43872
2019-01-04 15:30:00,145.88,146.77,145.81,146.39,6310.08807
2019-01-04 15:45:00,146.39,147.55,146.22,147.11,7662.145
2019-01-04 16:00:00,147.1,147.7,146.15,147.7,6555.74205
2019-01-04 16:15:00,147.69,147.92,147.22,147.44,6423.49778
2019-01-04 16:30:00,147.44,147.7,146.61,147.67,5564.34519
2019-01-04 16:45:00,147.67,148.62,147.6,148.04,7826.36343
2019-01-04 17:00:00,148.03,148.71,147.0,147.2,5264.38829
2019-01-04 17:15:00,147.2,147.83,147.14,147.74,3575.01868
2019-01-04 17:30:00,147.75,147.77,146.8,146.9,4229.64764
2019-01-04 17:45:00,146.87,147.4,146.58,147.25,3816.73054
2019-01-04 18:00:00,147.24,147.33,146.56,146.58,2898.25619
2019-01-04 18:15:00,146.59,147.19,146.51,146.84,2763.74083
2019-01-04 18:30:00,146.85,147.69,146.84,147.48,2074.65624
2019-01-04 18:45:00,147.48,147.54,146.95,147.05,2456.75613
2019-01-04 19:00:00,147.05,147.51,146.8,147.45,3524.84497
2019-01-04 19:15:00,147.45,148.05,147.21,147.91,3825.32918
2019-01-04 19:30:00,147.91,148.53,147.76,148.36,4802.08644
2019-01-04 19:45:00,148.37,148.59,148.16,148.31,5409.611
2019-01-04 20:00:00,148.31,148.36,147.25,147.9,4419.28058
2019-01-04 20:15:00,147.9,148.03,147.22,147.78,3097.94019
2019-01-04 20:30:00,147.79,147.94,147.3,147.84,2331.49066
2019-01-04 20:45:00,147.86,151.5,147.71,150.96,18449.69426
2019-01-04 21:00:00,150.87,152.42,150.83,152.26,18346.01138
2019-01-04 21:15:00,152.26,153.0,151.65,152.28,16483.04964
2019-01-04 21:30:00,152.25,153.5,152.18,153.5,13028.49369
2019-01-04 21:45:00,153.5,153.98,152.11,152.68,16917.77455
2019-01-04 22:00:00,152.7,153.8,151.3,151.9,11714.92334
2019-01-04 22:15:00,151.89,153.0,151.74,152.2,7518.27615
2019-01-04 22:30:00,152.22,152.23,151.39,152.03,8001.93025
2019-01-04 22:45:00,152.03,152.41,151.73,151.98,5763.34564
2019-01-04 23:00:00,151.98,152.88,151.97,152.4,5529.60916
2019-01-04 23:15:00,152.39,152.43,151.32,151.59,9467.52694
2019-01-04 23:30:00,151.59,152.88,150.8,152.2,7495.3826
2019-01-04 23:45:00,152.2,152.6,151.91,151.97,5290.10071
2019-01-05 00:00:00,152.08,155.62,151.95,155.6,23377.86938
2019-01-05 00:15:00,155.61,158.25,155.51,156.97,39174.9075
2019-01-05 00:30:00,157.03,159.0,156.11,157.25,23383.59576
2019-01-05 00:45:00,157.2,158.15,157.13,157.78,11162.07935
2019-01-05 01:00:00,157.84,158.98,155.75,156.8,25585.15706
2019-01-05 01:15:00,156.82,157.0,155.3,156.77,13384.35386
2019-01-05 01:30:00,156.73,157.47,155.87,156.22,12506.98964
2019-01-05 01:45:00,156.18,158.44,155.91,157.64,22232.06099
2019-01-05 02:00:00,157.68,159.26,157.59,158.16,12855.50385
2019-01-05 02:15:00,158.13,158.7,157.58,158.32,8260.78094
2019-01-05 02:30:00,158.31,158.33,157.05,157.31,7024.87733
2019-01-05 02:45:00,157.31,157.45,156.64,157.4,8822.41391
2019-01-05 03:00:00,157.4,157.91,156.41,156.69,6555.35232
2019-01-05 03:15:00,156.69,157.12,156.26,156.76,4562.31389
2019-01-05 03:30:00,156.76,157.49,156.76,157.1,5676.91104
2019-01-05 03:45:00,157.07,158.1,157.0,157.56,8041.20155
2019-01-05 04:00:00,157.56,158.43,156.94,157.0,6960.04633
2019-01-05 04:15:00,157.0,157.84,156.91,157.67,4437.8847
2019-01-05 04:30:00,157.72,158.4,157.53,158.29,7643.48757
2019-01-05 04:45:00,158.31,158.75,156.47,157.0,8035.91792
2019-01-05 05:00:00,157.0,157.68,156.96,157.29,6703.68815
2019-01-05 05:15:00,157.3,158.38,157.28,157.86,5948.94184
2019-01-05 05:30:00,157.87,158.02,157.41,157.83,4497.38473
2019-01-05 05:45:00,157.82,158.49,157.65,157.68,5925.1166
2019-01-05 06:00:00,157.7,157.8,156.3,156.86,8518.9392
2019-01-05 06:15:00,156.86,156.97,153.69,154.98,21246.64252
2019-01-05 06:30:00,155.01,155.05,153.25,154.0,13951.02752
2019-01-05 06:45:00,153.96,155.05,153.89,154.51,7458.82945
2019-01-05 07:00:00,154.51,155.18,153.81,155.09,7340.94535
2019-01-05 07:15:00,155.09,155.12,154.4,154.68,4261.04783
2019-01-05 07:30:00,154.69,154.69,152.8,153.63,10041.15286
2019-01-05 07:45:00,153.61,154.29,152.6,153.14,7414.69905
2019-01-05 08:00:00,153.13,154.35,153.12,154.05,5566.81242
2019-01-05 08:15:00,154.04,154.52,153.86,154.44,3784.99022
2019-01-05 08:30:00,154.45,154.99,154.44,154.97,3931.75431
2019-01-05 08:45:00,154.98,155.14,154.01,154.16,4364.25231
2019-01-05 09:00:00,154.17,154.17,153.79,153.96,4272.77113
2019-01-05 09:15:00,153.96,154.87,153.64,154.53,4621.24776
2019-01-05 09:30:00,154.54,154.89,154.09,154.26,3520.67232
2019-01-05 09:45:00,154.27,154.6,153.91,154.19,3260.91852
2019-01-05 10:00:00,154.2,154.2,152.15,153.12,10071.23849
2019-01-05 10:15:00,153.12,153.74,152.6,153.59,5949.31458
2019-01-05 10:30:00,153.58,154.0,153.35,153.65,5331.46467
2019-01-05 10:45:00,153.68,154.26,153.5,153.74,4387.02977
2019-01-05 11:00:00,153.74,155.34,153.72,154.54,6664.58453
2019-01-05 11:15:00,154.55,155.72,154.55,154.92,4761.95236
2019-01-05 11:30:00,154.92,156.77,154.92,156.16,10903.75059
2019-01-05 11:45:00,156.18,156.41,155.36,155.92,5695.6816
2019-01-05 12:00:00,155.92,156.98,155.9,156.13,6241.46165
2019-01-05 12:15:00,156.09,156.33,155.29,156.24,6969.13454
2019-01-05 12:30:00,156.24,156.46,155.0,155.07,6065.20471
2019-01-05 12:45:00,155.09,155.63,155.01,155.22,5162.62154
2019-01-05 13:00:00,155.25,155.26,153.38,154.57,9374.14237
2019-01-05 13:15:00,154.57,154.83,153.86,154.58,6255.76747
2019-01-05 13:30:00,154.57,155.19,153.84,154.84,9015.72812
2019-01-05 13:45:00,154.84,155.26,154.66,154.83,5279.52759
2019-01-05 14:00:00,154.84,154.84,153.75,154.52,5225.20959
2019-01-05 14:15:00,154.5,155.37,154.47,154.62,6399.36776
2019-01-05 14:30:00,154.59,154.7,153.8,153.93,5959.59115
2019-01-05 14:45:00,153.91,154.97,153.9,154.64,4468.94758
2019-01-05 15:00:00,154.61,156.61,154.61,155.72,12986.32701
2019-01-05 15:15:00,155.72,156.89,155.61,156.29,7340.51247
2019-01-05 15:30:00,156.29,156.52,155.5,156.03,7565.78664
2019-01-05 15:45:00,156.04,156.06,154.0,154.17,12062.04776
2019-01-05 16:00:00,154.18,154.58,152.2,154.42,19471.4626
2019-01-05 16:15:00,154.45,156.0,154.3,154.99,16036.33402
2019-01-05 16:30:00,154.95,155.0,154.13,154.59,6911.72718
2019-01-05 16:45:00,154.6,154.73,153.11,153.84,8050.25962
2019-01-05 17:00:00,153.85,155.3,153.85,154.98,7687.54407
2019-01-05 17:15:00,154.98,155.2,154.16,154.74,5450.97627
2019-01-05 17:30:00,154.73,155.39,154.21,155.15,3977.55028
2019-01-05 17:45:00,155.16,155.18,154.5,154.66,2454.96629
2019-01-05 18:00:00,154.66,155.25,154.17,155.12,4563.43047
2019-01-05 18:15:00,155.12,156.16,155.12,155.43,4272.95488
2019-01-05 18:30:00,155.42,156.0,155.26,155.9,3128.12828
2019-01-05 18:45:00,155.92,156.16,155.32,155.5,2963.21347
2019-01-05 19:00:00,155.52,156.08,153.83,155.34,6941.85101
2019-01-05 19:15:00,155.44,155.82,154.61,155.5,6234.46101
2019-01-05 19:30:00,155.5,156.17,155.39,156.01,3363.74677
2019-01-05 19:45:00,155.99,156.0,155.4,155.64,3192.59515
2019-01-05 20:00:00,155.69,155.9,155.0,155.48,3545.85583
2019-01-05 20:15:00,155.49,155.56,155.1,155.32,1969.60404
2019-01-05 20:30:00,155.32,155.62,155.03,155.58,1697.05685
2019-01-05 20:45:00,155.58,156.0,155.41,155.47,3134.5481
2019-01-05 21:00:00,155.47,155.75,155.28,155.38,2255.79066
2019-01-05 21:15:00,155.37,155.59,155.29,155.5,2092.53151
2019-01-05 21:30:00,155.48,156.57,155.44,156.19,3550.78057
2019-01-05 21:45:00,156.23,156.41,155.5,155.73,2629.93694
2019-01-05 22:00:00,155.78,155.94,152.41,153.45,24307.61057
2019-01-05 22:15:00,153.42,153.84,151.2,153.57,18892.95723
2019-01-05 22:30:00,153.56,154.0,153.0,153.66,5970.88811
2019-01-05 22:45:00,153.68,154.47,153.6,154.07,7538.8228
2019-01-05 23:00:00,154.08,154.11,153.05,153.3,6201.06143
2019-01-05 23:15:00,153.28,153.9,153.03,153.53,4805.27417
2019-01-05 23:30:00,153.58,154.06,152.55,153.32,7269.37204
2019-01-05 23:45:00,153.32,153.42,152.5,152.83,6153.91162
2019-01-06 00:00:00,152.83,153.86,152.19,153.35,7207.41838
2019-01-06 00:15:00,153.34,153.77,153.23,153.45,4594.60844
2019-01-06 00:30:00,153.45,153.87,152.94,153.19,5861.71939
2019-01-06 00:45:00,153.22,153.66,153.08,153.41,4503.97073
2019-01-06 01:00:00,153.43,153.7,152.4,152.47,5917.3505
2019-01-06 01:15:00,152.49,152.72,151.51,152.68,9568.58645
2019-01-06 01:30:00,152.66,152.68,151.95,152.01,3773.88349
2019-01-06 01:45:00,152.01,152.05,149.01,149.59,24640.1659
2019-01-06 02:00:00,149.57,149.94,147.51,148.91,26432.46045
2019-01-06 02:15:00,148.92,149.92,148.88,149.55,11160.28847
2019-01-06 02:30:00,149.57,149.65,148.15,149.21,10395.64975
2019-01-06 02:45:00,149.22,149.86,148.96,149.55,7750.99714
2019-01-06 03:00:00,149.52,149.99,149.13,149.69,6430.38279
2019-01-06 03:15:00,149.65,149.87,148.95,149.45,4862.41456
2019-01-06 03:30:00,149.42,150.76,149.41,150.23,7301.78892
2019-01-06 03:45:00,150.19,150.84,150.11,150.52,3548.92172
2019-01-06 04:00:00,150.57,150.57,149.92,150.26,3500.75368
2019-01-06 04:15:00,150.31,150.5,149.6,149.87,3476.254
2019-01-06 04:30:00,149.89,150.4,149.89,150.18,3320.40738
2019-01-06 04:45:00,150.18,150.62,150.13,150.5,2864.71226
2019-01-06 05:00:00,150.5,151.3,150.45,150.89,6699.67442
2019-01-06 05:15:00,150.89,151.49,150.6,151.46,3652.18416
2019-01-06 05:30:00,151.47,151.52,150.67,150.79,4117.22519
2019-01-06 05:45:00,150.77,150.98,150.52,150.69,2529.65652
2019-01-06 06:00:00,150.69,151.0,150.5,150.78,2334.40555
2019-01-06 06:15:00,150.77,150.82,150.28,150.59,3049.29627
2019-01-06 06:30:00,150.59,150.86,150.38,150.78,1899.02961
2019-01-06 06:45:00,150.81,150.93,150.45,150.47,2307.6533
2019-01-06 07:00:00,150.46,150.66,149.24,149.95,8100.22646
2019-01-06 07:15:00,149.93,150.53,149.5,149.52,6053.83729
2019-01-06 07:30:00,149.56,150.26,149.37,149.86,3682.99295
2019-01-06 07:45:00,149.85,150.18,149.52,149.96,2272.23377
2019-01-06 08:00:00,149.96,150.03,149.39,149.73,3633.91896
2019-01-06 08:15:00,149.73,149.91,149.45,149.52,2365.82135
2019-01-06 08:30:00,149.5,149.62,149.02,149.5,4541.91774
2019-01-06 08:45:00,149.5,150.2,149.46,150.09,3950.99728
2019-01-06 09:00:00,150.09,152.0,150.02,151.24,9524.18751
2019-01-06 09:15:00,151.22,151.37,150.44,150.66,3514.62507
2019-01-06 09:30:00,150.75,151.04,150.61,150.63,2491.0173
2019-01-06 09:45:00,150.62,150.71,150.1,150.43,3395.58958
2019-01-06 10:00:00,150.46,151.03,150.1,150.91,2978.80419
2019-01-06 10:15:00,150.9,151.03,150.49,150.5,1793.45551
2019-01-06 10:30:00,150.5,153.0,150.46,151.87,14492.15361
2019-01-06 10:45:00,151.87,152.85,151.51,151.73,8237.85166
2019-01-06 11:00:00,151.72,153.24,151.71,152.29,10724.74855
2019-01-06 11:15:00,152.36,152.7,151.65,151.92,7121.67034
2019-01-06 11:30:00,151.97,152.49,151.85,152.39,5415.91045
2019-01-06 11:45:00,152.37,152.82,152.12,152.5,6453.48953
2019-01-06 12:00:00,152.53,152.74,151.52,151.97,4683.90097
2019-01-06 12:15:00,151.97,152.02,151.6,151.63,2573.35664
2019-01-06 12:30:00,151.63,151.69,150.1,150.54,8016.79657
2019-01-06 12:45:00,150.51,151.38,150.27,150.66,4971.60426
2019-01-06 13:00:00,150.68,150.94,150.29,150.86,3339.20234
2019-01-06 13:15:00,150.86,151.01,150.61,150.92,2301.80613
2019-01-06 13:30:00,150.92,152.0,150.88,151.58,4285.9874
2019-01-06 13:45:00,151.58,151.76,150.83,150.93,4068.30656
2019-01-06 14:00:00,150.97,151.04,150.41,150.61,2739.40302
2019-01-06 14:15:00,150.6,150.85,150.27,150.69,2563.76149
2019-01-06 14:30:00,150.68,150.99,150.51,150.94,2522.49911
2019-01-06 14:45:00,150.97,151.55,150.76,151.1,3608.49484
2019-01-06 15:00:00,151.14,152.69,151.03,151.82,11008.60773
2019-01-06 15:15:00,151.85,151.93,151.28,151.85,4630.62818
2019-01-06 15:30:00,151.83,152.42,151.22,151.32,4498.41763
2019-01-06 15:45:00,151.33,151.33,150.3,150.9,7021.91478
2019-01-06 16:00:00,150.91,151.1,150.4,150.69,4509.77336
2019-01-06 16:15:00,150.69,151.5,150.26,151.11,4531.61158
2019-01-06 16:30:00,151.11,151.95,151.08,151.17,4513.10632
2019-01-06 16:45:00,151.17,151.58,151.09,151.46,3071.11104
2019-01-06 17:00:00,151.41,154.03,151.35,153.38,18555.35256
2019-01-06 17:15:00,153.38,157.4,153.38,156.5,42212.86056
2019-01-06 17:30:00,156.5,157.0,155.5,155.6,20871.74641
2019-01-06 17:45:00,155.6,155.86,153.87,155.48,19247.06766
2019-01-06 18:00:00,155.49,156.43,154.84,154.99,13222.0087
2019-01-06 18:15:00,154.96,155.87,154.91,154.92,7694.91998
2019-01-06 18:30:00,154.96,155.6,154.04,154.47,9822.97438
2019-01-06 18:45:00,154.47,155.22,154.23,154.7,8453.26631
2019-01-06 19:00:00,154.71,155.53,154.71,154.87,7476.18018
2019-01-06 19:15:00,154.9,155.17,154.7,155.1,6026.68787
2019-01-06 19:30:00,155.06,155.35,154.83,155.17,4216.16132
2019-01-06 19:45:00,155.12,155.21,154.51,154.8,3797.02854
2019-01-06 20:00:00,154.8,155.35,154.71,154.92,4789.69676
2019-01-06 20:15:00,154.83,155.0,154.51,154.73,3066.22491
2019-01-06 20:30:00,154.69,154.8,153.3,153.51,11108.02168
2019-01-06 20:45:00,153.48,153.96,152.56,153.01,10435.93297
2019-01-06 21:00:00,153.01,153.96,152.65,153.58,6374.29379
2019-01-06 21:15:00,153.58,153.79,152.63,152.81,9470.34248
2019-01-06 21:30:00,152.81,153.49,152.69,153.44,3785.58405
2019-01-06 21:45:00,153.43,153.57,152.9,153.38,2594.61752
2019-01-06 22:00:00,153.38,154.65,153.37,153.99,4657.44461
2019-01-06 22:15:00,153.95,154.07,153.47,153.79,2197.21513
2019-01-06 22:30:00,153.79,153.89,152.61,153.2,4048.37396
2019-01-06 22:45:00,153.2,153.25,152.58,152.8,2524.58276
2019-01-06 23:00:00,152.77,154.52,152.71,153.95,6937.33694
2019-01-06 23:15:00,153.94,154.55,153.76,154.23,4222.82324
2019-01-06 23:30:00,154.24,154.43,153.49,153.9,3904.88815
2019-01-06 23:45:00,153.91,154.25,153.74,153.86,2287.24177
2019-01-07 00:00:00,153.89,155.48,153.8,154.7,8546.41381
2019-01-07 00:15:00,154.7,154.84,154.25,154.79,3629.78323
2019-01-07 00:30:00,154.81,155.12,154.7,154.75,4935.7577
2019-01-07 00:45:00,154.71,154.79,154.22,154.32,3339.67468
2019-01-07 01:00:00,154.34,154.45,152.5,152.66,10947.3578
2019-01-07 01:15:00,152.71,153.27,152.0,152.52,9140.4812
2019-01-07 01:30:00,152.53,153.37,152.25,152.77,5788.58254
2019-01-07 01:45:00,152.75,153.3,152.75,152.99,4169.11166
2019-01-07 02:00:00,153.0,153.4,152.66,152.86,3018.07681
2019-01-07 02:15:00,152.85,152.95,152.31,152.43,2739.87656
2019-01-07 02:30:00,152.43,152.58,152.18,152.3,2335.64316
2019-01-07 02:45:00,152.31,152.87,151.7,152.83,6478.16907
2019-01-07 03:00:00,152.84,153.27,152.72,153.08,3107.77431
2019-01-07 03:15:00,153.07,153.52,153.0,153.19,2380.44572
2019-01-07 03:30:00,153.19,153.22,153.0,153.07,2283.26283
2019-01-07 03:45:00,153.07,153.11,152.93,153.1,1765.0933
2019-01-07 04:00:00,153.1,153.86,153.02,153.84,3992.07838
2019-01-07 04:15:00,153.8,153.87,153.12,153.3,2064.61481
2019-01-07 04:30:00,153.32,153.7,153.17,153.58,2316.11822
2019-01-07 04:45:00,153.54,153.58,152.91,152.91,2053.93699
2019-01-07 05:00:00,152.92,152.92,152.55,152.73,1890.14324
2019-01-07 05:15:00,152.73,153.25,152.73,153.22,1926.84594
2019-01-07 05:30:00,153.21,153.35,153.0,153.35,1860.84525
2019-01-07 05:45:00,153.36,153.43,153.0,153.33,3666.63085
2019-01-07 06:00:00,153.33,153.45,152.8,153.09,2821.43081
2019-01-07 06:15:00,153.11,153.33,152.96,153.3,1733.79663
2019-01-07 06:30:00,153.29,153.78,153.01,153.53,4086.06021
2019-01-07 06:45:00,153.48,153.56,153.11,153.28,2746.16435
2019-01-07 07:00:00,153.27,153.66,153.15,153.29,1834.99937
2019-01-07 07:15:00,153.3,153.51,153.25,153.38,1421.53397
2019-01-07 07:30:00,153.39,153.77,153.26,153.39,2229.17787
2019-01-07 07:45:00,153.38,153.59,153.2,153.53,2027.27139
2019-01-07 08:00:00,153.55,154.0,153.38,153.39,4187.10452
2019-01-07 08:15:00,153.38,153.45,152.86,152.99,5331.33833
2019-01-07 08:30:00,152.99,153.64,152.82,153.44,8039.28219
2019-01-07 08:45:00,153.45,153.58,153.03,153.27,3952.4194
2019-01-07 09:00:00,153.27,153.27,151.18,151.36,11836.41161
2019-01-07 09:15:00,151.36,151.4,149.07,150.57,22081.82048
2019-01-07 09:30:00,150.56,151.34,150.52,150.6,7347.13356
2019-01-07 09:45:00,150.61,150.63,148.33,149.62,16838.90162
2019-01-07 10:00:00,149.6,151.34,149.5,150.49,8808.73878
2019-01-07 10:15:00,150.49,150.82,149.91,150.01,4669.44637
2019-01-07 10:30:00,150.0,150.77,149.85,150.68,3826.02611
2019-01-07 10:45:00,150.68,150.87,150.04,150.2,3451.98443
2019-01-07 11:00:00,150.21,150.5,149.95,150.37,3174.91804
2019-01-07 11:15:00,150.37,151.45,150.08,150.93,5288.0496
2019-01-07 11:30:00,150.93,151.2,150.6,150.96,3858.90376
2019-01-07 11:45:00,150.98,151.65,150.91,151.36,5422.13407
2019-01-07 12:00:00,151.37,151.39,150.64,150.75,3119.24205
2019-01-07 12:15:00,150.81,151.05,150.71,150.83,2159.45467
2019-01-07 12:30:00,150.85,151.2,150.76,150.88,1764.82802
2019-01-07 12:45:00,150.87,151.18,149.8,149.91,3838.4013
2019-01-07 13:00:00,149.91,150.96,149.82,150.88,4143.28913
2019-01-07 13:15:00,150.84,151.3,150.65,151.01,3078.92737
2019-01-07 13:30:00,151.06,151.07,150.52,150.58,2217.10743
2019-01-07 13:45:00,150.58,151.55,150.47,151.12,5175.83274
2019-01-07 14:00:00,151.12,152.4,150.89,151.84,5703.52622
2019-01-07 14:15:00,151.84,151.85,151.01,151.4,4022.60337
2019-01-07 14:30:00,151.4,152.3,151.4,151.89,4603.47808
2019-01-07 14:45:00,151.89,152.04,151.17,151.45,3417.14614
2019-01-07 15:00:00,151.55,151.63,151.26,151.32,2290.47008
2019-01-07 15:15:00,151.33,151.46,151.05,151.22,1970.6588
2019-01-07 15:30:00,151.23,151.32,150.38,150.77,6240.48209
2019-01-07 15:45:00,150.73,150.85,150.25,150.6,3488.85632
2019-01-07 16:00:00,150.59,151.34,150.2,151.13,3490.05276
2019-01-07 16:15:00,151.1,151.25,150.8,150.87,2053.97771
2019-01-07 16:30:00,150.87,151.42,150.77,151.36,2453.02089
2019-01-07 16:45:00,151.41,151.45,150.56,150.67,3062.59685
2019-01-07 17:00:00,150.72,151.45,150.38,150.88,4865.3964
2019-01-07 17:15:00,150.87,151.1,149.15,150.67,10088.4653
2019-01-07 17:30:00,150.67,150.82,149.9,150.6,4399.949
2019-01-07 17:45:00,150.61,151.19,149.89,150.83,4644.74476
2019-01-07 18:00:00,150.84,151.24,150.7,150.93,3711.49171
2019-01-07 18:15:00,150.93,152.1,150.9,151.42,7022.06275
2019-01-07 18:30:00,151.43,152.02,151.4,151.61,3409.57866
2019-01-07 18:45:00,151.6,151.69,151.09,151.24,2803.51805
2019-01-07 19:00:00,151.24,151.69,150.8,151.52,3591.74071
2019-01-07 19:15:00,151.5,151.86,151.24,151.36,3509.68272
2019-01-07 19:30:00,151.36,151.38,150.73,150.92,2571.37592
2019-01-07 19:45:00,150.89,151.56,150.86,151.41,2160.183
2019-01-07 20:00:00,151.39,151.42,150.21,150.52,4807.57881
2019-01-07 20:15:00,150.51,151.69,150.45,150.74,5256.76298
2019-01-07 20:30:00,150.72,150.91,150.02,150.21,4822.55399
2019-01-07 20:45:00,150.21,150.51,149.62,150.05,4913.26761
2019-01-07 21:00:00,150.03,150.67,149.89,150.35,3553.32822
2019-01-07 21:15:00,150.36,150.48,149.99,150.18,2145.08461
2019-01-07 21:30:00,150.18,150.22,149.89,150.09,1896.35581
2019-01-07 21:45:00,150.09,150.17,149.19,149.41,2976.60635
2019-01-07 22:00:00,149.39,149.43,147.88,148.33,11115.47117
2019-01-07 22:15:00,148.27,149.5,147.86,148.92,7747.07358
2019-01-07 22:30:00,148.93,149.16,148.21,148.47,6551.03645
2019-01-07 22:45:00,148.47,148.79,148.3,148.65,4174.1382
2019-01-07 23:00:00,148.64,148.75,148.09,148.73,3524.77252
2019-01-07 23:15:00,148.73,149.45,148.44,149.21,3929.17125
2019-01-07 23:30:00,149.21,149.29,149.0,149.22,2015.86796
2019-01-07 23:45:00,149.21,149.5,149.03,149.34,2872.32654
2019-01-08 00:00:00,149.29,150.5,149.16,149.7,8025.59215
2019-01-08 00:15:00,149.69,149.91,149.5,149.91,2746.86204
2019-01-08 00:30:00,149.87,150.24,149.52,149.97,2455.12265
2019-01-08 00:45:00,149.96,150.64,149.91,150.17,3275.58041
2019-01-08 01:00:00,150.17,150.2,149.21,149.31,3434.24971
2019-01-08 01:15:00,149.36,149.47,149.05,149.13,2380.8973
2019-01-08 01:30:00,149.12,149.37,148.82,149.3,3795.42359
2019-01-08 01:45:00,149.28,149.38,148.08,148.61,4290.25814
2019-01-08 02:00:00,148.61,148.78,145.2,146.46,18533.02398
2019-01-08 02:15:00,146.42,147.06,146.09,146.63,7006.93614
2019-01-08 02:30:00,146.66,146.94,146.53,146.87,4644.81367
2019-01-08 02:45:00,146.84,146.84,146.5,146.69,5407.99851
2019-01-08 03:00:00,146.72,147.48,146.55,146.99,5926.0153
2019-01-08 03:15:00,146.91,146.96,146.58,146.71,3684.736
2019-01-08 03:30:00,146.7,146.92,146.23,146.34,2724.73601
2019-01-08 03:45:00,146.34,146.94,146.34,146.57,2653.70987
2019-01-08 04:00:00,146.57,146.59,145.93,146.07,5261.32474
2019-01-08 04:15:00,146.09,146.55,145.97,146.36,4148.13735
2019-01-08 04:30:00,146.35,146.72,146.24,146.45,3030.49283
2019-01-08 04:45:00,146.46,146.83,146.25,146.53,2841.50214
2019-01-08 05:00:00,146.53,146.7,146.31,146.45,1912.57047
2019-01-08 05:15:00,146.45,146.8,146.3,146.62,3295.52094
2019-01-08 05:30:00,146.62,146.65,146.35,146.44,1794.21404
2019-01-08 05:45:00,146.44,146.59,146.34,146.43,2741.01963
2019-01-08 06:00:00,146.46,146.51,145.78,146.38,5318.41711
2019-01-08 06:15:00,146.32,146.37,146.18,146.3,1727.377
2019-01-08 06:30:00,146.29,146.3,145.9,146.19,3223.51795
2019-01-08 06:45:00,146.22,146.97,146.19,146.96,4830.77878
2019-01-08 07:00:00,146.97,147.49,146.97,147.28,5369.2834
2019-01-08 07:15:00,147.28,147.4,147.12,147.2,2780.77168
2019-01-08 07:30:00,147.2,147.27,146.52,146.68,3340.64648
2019-01-08 07:45:00,146.68,147.11,146.26,146.83,4511.75914
2019-01-08 08:00:00,146.83,147.1,146.74,146.76,2842.5649
2019-01-08 08:15:00,146.76,146.96,146.54,146.89,2953.67895
2019-01-08 08:30:00,146.92,147.18,146.83,146.99,2704.92939
2019-01-08 08:45:00,146.99,147.75,146.99,147.21,5051.08053
2019-01-08 09:00:00,147.18,147.77,147.17,147.39,4254.77887
2019-01-08 09:15:00,147.37,147.93,147.31,147.84,3893.58234
2019-01-08 09:30:00,147.87,148.3,146.51,147.43,11189.54734
2019-01-08 09:45:00,147.39,148.06,147.33,147.86,4538.70321
2019-01-08 10:00:00,147.85,148.2,147.43,147.64,5434.62235
2019-01-08 10:15:00,147.64,147.94,147.47,147.75,4603.98821
2019-01-08 10:30:00,147.79,147.86,147.53,147.71,3370.4145
2019-01-08 10:45:00,147.71,148.18,147.6,148.06,3236.76044
2019-01-08 11:00:00,148.07,148.15,147.52,147.68,3215.95843
2019-01-08 11:15:00,147.67,148.18,147.67,148.17,3039.64258
2019-01-08 11:30:00,148.11,150.17,148.01,149.53,9215.81685
2019-01-08 11:45:00,149.55,150.17,149.03,149.66,8056.80491
2019-01-08 12:00:00,149.67,150.6,149.01,149.45,8542.97557
2019-01-08 12:15:00,149.44,150.0,149.31,149.66,7398.78966
2019-01-08 12:30:00,149.66,150.1,149.6,150.02,4907.39517
2019-01-08 12:45:00,150.0,150.02,149.36,149.4,4060.79815
2019-01-08 13:00:00,149.37,150.0,149.34,149.79,5991.78632
2019-01-08 13:15:00,149.8,150.12,149.62,149.92,3916.53163
2019-01-08 13:30:00,149.88,151.65,149.64,151.16,13316.95987
2019-01-08 13:45:00,151.15,151.55,150.52,151.15,11181.94402
2019-01-08 14:00:00,151.19,151.26,150.51,150.69,8242.35156
2019-01-08 14:15:00,150.67,150.99,150.2,150.27,5969.27887
2019-01-08 14:30:00,150.27,150.5,150.18,150.31,4375.25064
2019-01-08 14:45:00,150.3,150.32,149.45,149.66,5154.59014
2019-01-08 15:00:00,149.66,150.22,149.44,149.82,4386.4394
2019-01-08 15:15:00,149.8,150.74,149.78,150.46,4485.51836
2019-01-08 15:30:00,150.49,151.63,150.13,150.34,12159.64169
2019-01-08 15:45:00,150.31,150.65,148.02,148.84,16158.0227
2019-01-08 16:00:00,148.85,149.2,148.12,148.48,7821.01749
2019-01-08 16:15:00,148.53,148.94,147.56,147.88,9909.15687
2019-01-08 16:30:00,147.85,148.23,147.31,148.0,6625.2353
2019-01-08 16:45:00,148.06,148.65,147.94,148.18,6019.34147
2019-01-08 17:00:00,148.18,148.8,148.09,148.66,3726.41503
2019-01-08 17:15:00,148.67,148.94,148.06,148.36,4069.60003
2019-01-08 17:30:00,148.39,148.5,147.51,147.78,3325.25859
2019-01-08 17:45:00,147.77,148.22,147.26,147.63,4120.48174
2019-01-08 18:00:00,147.62,148.13,147.38,147.63,3227.84327
2019-01-08 18:15:00,147.62,148.35,147.58,148.12,2311.68899
2019-01-08 18:30:00,148.14,148.34,147.95,148.05,1752.04092
2019-01-08 18:45:00,148.1,148.15,147.79,147.86,1275.88503
2019-01-08 19:00:00,147.86,148.2,147.38,147.86,3383.26661
2019-01-08 19:15:00,147.84,148.25,147.72,148.05,1366.66835
2019-01-08 19:30:00,148.06,148.32,147.91,148.17,1396.55905
2019-01-08 19:45:00,148.18,148.6,147.98,148.25,2189.26497
2019-01-08 20:00:00,148.26,148.84,147.99,148.44,5111.92232
2019-01-08 20:15:00,148.44,148.55,148.25,148.52,1979.3953
2019-01-08 20:30:00,148.56,148.65,148.25,148.32,1342.44466
2019-01-08 20:45:00,148.31,148.46,147.83,147.83,1990.58965
2019-01-08 21:00:00,147.84,148.03,147.56,147.99,2097.79405
2019-01-08 21:15:00,147.99,148.52,147.92,148.38,2303.24515
2019-01-08 21:30:00,148.36,148.5,147.89,147.96,4184.94573
2019-01-08 21:45:00,147.98,148.0,147.4,147.48,2507.34215
2019-01-08 22:00:00,147.49,148.0,147.0,147.6,4107.69413
2019-01-08 22:15:00,147.61,148.06,147.33,147.73,2224.54762
2019-01-08 22:30:00,147.8,148.2,147.62,147.94,2269.77378
2019-01-08 22:45:00,147.94,148.4,147.61,148.0,1911.99491
2019-01-08 23:00:00,148.02,148.4,147.95,148.36,1843.85594
2019-01-08 23:15:00,148.39,148.5,147.45,147.76,4671.96179
2019-01-08 23:30:00,147.75,148.0,147.31,147.43,3293.28058
2019-01-08 23:45:00,147.38,147.7,147.22,147.6,2336.11961
2019-01-09 00:00:00,147.62,148.3,147.4,148.02,2414.81283
2019-01-09 00:15:00,148.02,148.2,147.91,148.13,1771.01186
2019-01-09 00:30:00,148.13,148.34,147.67,147.81,1875.06505
2019-01-09 00:45:00,147.8,147.87,146.77,147.65,4247.46121
2019-01-09 01:00:00,147.66,148.15,147.43,148.0,3408.73443
2019-01-09 01:15:00,148.01,148.63,147.56,148.54,3007.23828
2019-01-09 01:30:00,148.54,148.65,148.24,148.57,2208.05788
2019-01-09 01:45:00,148.57,151.5,148.55,150.42,17284.09621
2019-01-09 02:00:00,150.47,151.49,150.33,150.54,7564.14029
2019-01-09 02:15:00,150.56,151.02,150.2,150.68,6329.00751
2019-01-09 02:30:00,150.67,151.25,150.47,150.68,7620.17013
2019-01-09 02:45:00,150.67,150.95,150.57,150.67,3562.53576
2019-01-09 03:00:00,150.67,150.96,150.51,150.89,3016.87246
2019-01-09 03:15:00,150.88,151.03,150.59,150.93,4354.01084
2019-01-09 03:30:00,150.95,151.0,150.71,150.77,2979.14523
2019-01-09 03:45:00,150.74,150.79,149.7,150.31,5361.11264
2019-01-09 04:00:00,150.3,150.9,150.26,150.65,5147.68681
2019-01-09 04:15:00,150.65,150.74,150.24,150.64,2739.89797
2019-01-09 04:30:00,150.65,150.75,150.48,150.57,1995.69588
2019-01-09 04:45:00,150.53,150.89,150.31,150.47,1991.157
2019-01-09 05:00:00,150.47,150.7,150.24,150.26,3108.80291
2019-01-09 05:15:00,150.26,150.33,149.13,149.46,5398.10367
2019-01-09 05:30:00,149.5,149.92,149.4,149.54,3031.52429
2019-01-09 05:45:00,149.54,150.09,149.45,150.02,2448.16536
2019-01-09 06:00:00,150.02,150.11,149.34,149.47,2012.05686
2019-01-09 06:15:00,149.49,149.74,149.08,149.6,3315.548
2019-01-09 06:30:00,149.59,149.74,149.51,149.7,965.70766
2019-01-09 06:45:00,149.7,149.75,149.4,149.6,1529.69345
2019-01-09 07:00:00,149.55,150.14,149.41,149.88,2474.7011
2019-01-09 07:15:00,149.88,150.1,149.77,150.0,1744.10302
2019-01-09 07:30:00,150.0,150.19,149.95,150.1,1568.97217
2019-01-09 07:45:00,150.11,150.37,149.61,149.8,2659.0111
2019-01-09 08:00:00,149.8,149.83,149.03,149.48,4486.31442
2019-01-09 08:15:00,149.45,149.82,149.28,149.81,2363.90011
2019-01-09 08:30:00,149.81,149.86,149.45,149.61,1465.29908
2019-01-09 08:45:00,149.6,149.63,149.11,149.29,1611.83079
2019-01-09 09:00:00,149.25,149.45,149.11,149.29,1686.20698
2019-01-09 09:15:00,149.29,149.95,149.28,149.92,2239.84113
2019-01-09 09:30:00,149.92,150.06,149.49,149.6,2111.79732
2019-01-09 09:45:00,149.63,149.84,149.37,149.43,1971.39547
2019-01-09 10:00:00,149.43,149.5,149.21,149.26,1727.65622
2019-01-09 10:15:00,149.29,149.79,149.27,149.41,1968.45684
2019-01-09 10:30:00,149.43,149.7,149.28,149.6,1726.52799
2019-01-09 10:45:00,149.62,149.87,149.45,149.48,1750.5726
2019-01-09 11:00:00,149.48,149.81,149.44,149.66,1119.16429
2019-01-09 11:15:00,149.66,150.58,149.6,150.13,4100.41154
2019-01-09 11:30:00,150.14,150.32,149.79,149.88,2381.40353
2019-01-09 11:45:00,149.88,149.99,149.41,149.41,1435.39236
2019-01-09 12:00:00,149.45,149.78,149.21,149.44,2879.18006
2019-01-09 12:15:00,149.48,149.66,149.35,149.51,1685.29129
2019-01-09 12:30:00,149.48,149.57,148.05,148.76,9546.82332
2019-01-09 12:45:00,148.77,149.21,148.5,149.03,3045.25473
2019-01-09 13:00:00,149.04,149.04,148.28,148.5,3485.80464
2019-01-09 13:15:00,148.48,148.66,148.07,148.32,3586.93923
2019-01-09 13:30:00,148.31,148.89,147.96,148.81,4846.81485
2019-01-09 13:45:00,148.81,148.9,148.35,148.59,3003.13336
2019-01-09 14:00:00,148.59,148.68,148.02,148.2,2643.23982
2019-01-09 14:15:00,148.2,148.57,148.18,148.29,2244.92966
2019-01-09 14:30:00,148.31,148.44,147.55,147.9,5337.87047
2019-01-09 14:45:00,147.9,148.4,147.5,147.85,5417.09614
2019-01-09 15:00:00,147.88,148.83,147.41,148.82,5175.90931
2019-01-09 15:15:00,148.82,148.87,148.3,148.51,3425.3248
2019-01-09 15:30:00,148.49,148.77,148.31,148.54,2613.17614
2019-01-09 15:45:00,148.51,148.61,148.2,148.26,1684.45485
2019-01-09 16:00:00,148.26,149.25,148.13,148.69,3878.9636
2019-01-09 16:15:00,148.69,148.87,148.35,148.52,2037.44833
2019-01-09 16:30:00,148.57,148.93,148.13,148.68,3865.46768
2019-01-09 16:45:00,148.69,149.13,148.37,148.66,1889.66414
2019-01-09 17:00:00,148.65,148.72,148.28,148.48,1770.67348
2019-01-09 17:15:00,148.48,148.63,148.35,148.38,1256.2458
2019-01-09 17:30:00,148.4,148.71,147.97,148.71,1826.4238
2019-01-09 17:45:00,148.67,148.84,148.26,148.55,1563.28106
2019-01-09 18:00:00,148.55,148.6,148.25,148.37,1288.52323
2019-01-09 18:15:00,148.36,148.47,148.12,148.36,1302.74396
2019-01-09 18:30:00,148.35,148.5,148.2,148.25,1112.41029
2019-01-09 18:45:00,148.25,148.62,148.24,148.46,1491.57896
2019-01-09 19:00:00,148.47,148.62,148.25,148.39,1183.33857
2019-01-09 19:15:00,148.39,148.54,148.3,148.39,949.38989
2019-01-09 19:30:00,148.4,148.52,148.3,148.47,1283.39115
2019-01-09 19:45:00,148.47,148.58,148.31,148.58,1215.3207
2019-01-09 20:00:00,148.56,148.61,148.3,148.38,1550.69272
2019-01-09 20:15:00,148.38,148.58,148.3,148.43,1914.45296
2019-01-09 20:30:00,148.42,148.46,147.41,147.88,4409.89038
2019-01-09 20:45:00,147.85,148.07,147.5,147.66,2736.90799
2019-01-09 21:00:00,147.66,147.98,147.07,147.92,4733.15554
2019-01-09 21:15:00,147.94,149.9,147.81,148.85,11243.93937
2019-01-09 21:30:00,148.87,148.93,147.24,148.16,9330.40722
2019-01-09 21:45:00,148.18,148.39,147.72,148.25,3179.33102
2019-01-09 22:00:00,148.25,149.28,148.1,148.41,4837.54749
2019-01-09 22:15:00,148.41,148.51,148.22,148.29,2274.72883
2019-01-09 22:30:00,148.26,148.85,148.01,148.33,2658.61159
2019-01-09 22:45:00,148.33,148.88,148.28,148.44,1955.33172
2019-01-09 23:00:00,148.45,148.9,148.36,148.6,2151.39116
2019-01-09 23:15:00,148.67,148.79,148.03,148.19,2264.83381
2019-01-09 23:30:00,148.18,148.47,148.03,148.4,1210.32649
2019-01-09 23:45:00,148.37,148.47,147.93,148.1,1175.43687
2019-01-10 00:00:00,148.11,148.38,147.91,148.3,1359.02514
2019-01-10 00:15:00,148.25,148.46,148.0,148.17,1701.49626
2019-01-10 00:30:00,148.18,148.48,148.09,148.42,1146.30009
2019-01-10 00:45:00,148.44,149.4,148.1,149.36,2750.6038
2019-01-10 01:00:00,149.33,149.45,148.55,148.6,2459.81184
2019-01-10 01:15:00,148.6,148.95,148.5,148.89,2180.69817
2019-01-10 01:30:00,148.89,149.18,148.67,148.75,2798.69854
2019-01-10 01:45:00,148.74,148.81,148.51,148.64,1765.82074
2019-01-10 02:00:00,148.61,148.67,148.16,148.21,2078.01294
2019-01-10 02:15:00,148.2,148.48,148.16,148.34,2612.18628
2019-01-10 02:30:00,148.31,148.41,148.28,148.36,1317.62893
2019-01-10 02:45:00,148.39,148.63,148.34,148.56,1058.51151
2019-01-10 03:00:00,148.6,148.66,148.44,148.6,1640.26815
2019-01-10 03:15:00,148.6,148.62,148.34,148.41,1454.21712
2019-01-10 03:30:00,148.48,148.71,148.36,148.45,1743.06637
2019-01-10 03:45:00,148.44,148.46,148.04,148.14,2910.86845
2019-01-10 04:00:00,148.15,148.3,148.0,148.16,2209.18502
2019-01-10 04:15:00,148.15,148.17,147.94,148.01,1749.05054
2019-01-10 04:30:00,148.01,148.28,147.95,148.23,1897.36181
2019-01-10 04:45:00,148.24,148.33,148.0,148.29,4431.36689
2019-01-10 05:00:00,148.3,148.38,148.01,148.13,4103.17519
2019-01-10 05:15:00,148.13,148.24,147.78,147.83,6536.18273
2019-01-10 05:30:00,147.88,147.88,147.56,147.78,3545.71226
2019-01-10 05:45:00,147.78,147.93,147.4,147.4,3657.61599
2019-01-10 06:00:00,147.42,147.64,147.16,147.43,4241.32749
2019-01-10 06:15:00,147.44,147.45,144.26,144.42,21857.6731
2019-01-10 06:30:00,144.43,144.44,133.1,136.41,73091.01519
2019-01-10 06:45:00,136.4,136.42,133.31,135.51,39379.30707
2019-01-10 07:00:00,135.4,135.56,134.1,134.44,18945.73437
2019-01-10 07:15:00,134.44,135.24,134.19,135.1,14360.56895
2019-01-10 07:30:00,135.15,135.9,134.73,135.56,17713.10072
2019-01-10 07:45:00,135.58,135.76,134.73,135.45,9249.77336
2019-01-10 08:00:00,135.45,135.52,134.85,135.26,9667.95875
2019-01-10 08:15:00,135.3,135.36,134.22,134.78,10729.61517
2019-01-10 08:30:00,134.83,134.93,132.34,134.02,19808.10869
2019-01-10 08:45:00,133.99,134.12,132.91,133.1,8911.63366
2019-01-10 09:00:00,133.1,133.16,131.2,132.24,22813.03059
2019-01-10 09:15:00,132.23,132.53,130.81,131.77,19694.15115
2019-01-10 09:30:00,131.69,131.77,129.62,130.8,22027.75341
2019-01-10 09:45:00,130.81,130.81,126.99,127.9,43092.67449
2019-01-10 10:00:00,127.9,130.32,127.28,130.08,15588.7956
2019-01-10 10:15:00,130.11,130.82,129.83,130.33,10530.09735
2019-01-10 10:30:00,130.34,130.4,129.63,130.18,7252.23357
2019-01-10 10:45:00,130.18,130.28,129.74,129.88,5208.16353
2019-01-10 11:00:00,129.88,130.85,129.31,130.68,9084.31907
2019-01-10 11:15:00,130.68,131.0,130.5,130.68,5454.16169
2019-01-10 11:30:00,130.73,130.87,129.96,130.4,4786.49738
2019-01-10 11:45:00,130.4,131.1,130.31,130.99,6637.19984
2019-01-10 12:00:00,130.98,131.61,130.44,130.63,7365.11614
2019-01-10 12:15:00,130.66,130.98,129.72,130.08,6745.99202
2019-01-10 12:30:00,130.04,130.31,129.84,130.21,2802.06261
2019-01-10 12:45:00,130.22,130.36,129.14,129.62,5064.05094
2019-01-10 13:00:00,129.62,129.63,128.32,128.65,9860.72409
2019-01-10 13:15:00,128.67,129.1,128.0,128.16,8786.42206
2019-01-10 13:30:00,128.16,129.62,128.11,129.38,6040.79705
2019-01-10 13:45:00,129.39,129.75,129.31,129.52,2989.94505
2019-01-10 14:00:00,129.52,129.87,129.14,129.75,4065.85519
2019-01-10 14:15:00,129.74,129.8,126.3,129.05,12042.00089
2019-01-10 14:30:00,129.04,129.27,128.0,128.95,6869.97925
2019-01-10 14:45:00,128.94,129.72,128.91,129.6,3743.93542
2019-01-10 15:00:00,129.57,129.86,129.45,129.73,5959.23962
2019-01-10 15:15:00,129.77,129.77,129.24,129.52,2581.94319
2019-01-10 15:30:00,129.55,129.56,128.78,128.9,3827.26029
2019-01-10 15:45:00,128.89,129.29,128.7,129.27,4257.31022
2019-01-10 16:00:00,129.25,129.28,122.07,122.81,40428.35809
2019-01-10 16:15:00,122.85,125.0,122.81,123.39,25462.58589
2019-01-10 16:30:00,123.39,125.44,122.77,124.28,21969.06318
2019-01-10 16:45:00,124.3,124.63,123.88,124.36,10277.33943
2019-01-10 17:00:00,124.34,124.51,123.03,123.52,11792.1619
2019-01-10 17:15:00,123.54,124.35,123.5,124.32,6564.99504
2019-01-10 17:30:00,124.33,124.45,123.61,123.85,4230.41273
2019-01-10 17:45:00,123.87,123.98,123.42,123.85,4382.69222
2019-01-10 18:00:00,123.87,123.98,123.35,123.37,3957.7551
2019-01-10 18:15:00,123.39,123.9,123.21,123.55,3349.80263
2019-01-10 18:30:00,123.56,123.63,123.05,123.58,3251.41788
2019-01-10 18:45:00,123.57,123.95,123.4,123.6,2632.43163
2019-01-10 19:00:00,123.59,123.7,122.85,123.01,3646.89807
2019-01-10 19:15:00,123.02,124.8,121.0,124.04,27764.99093
2019-01-10 19:30:00,124.04,126.04,123.99,125.61,18827.43105
2019-01-10 19:45:00,125.61,125.93,124.52,125.62,14865.38159
2019-01-10 20:00:00,125.59,127.1,125.3,126.72,15590.27466
2019-01-10 20:15:00,126.69,126.77,125.67,125.76,8579.57575
2019-01-10 20:30:00,125.77,126.86,125.55,126.43,8503.94671
2019-01-10 20:45:00,126.42,126.54,125.35,125.92,8117.21305
2019-01-10 21:00:00,125.93,126.4,125.4,125.88,5286.68385
2019-01-10 21:15:00,125.86,126.42,125.4,125.72,8329.41511
2019-01-10 21:30:00,125.71,126.3,125.64,125.88,3727.58319
2019-01-10 21:45:00,125.92,126.1,125.05,125.36,5357.45458
2019-01-10 22:00:00,125.35,125.76,124.41,125.01,11206.03158
2019-01-10 22:15:00,125.03,125.11,124.4,124.9,2920.86491
2019-01-10 22:30:00,124.9,125.32,124.8,125.28,2418.79042
2019-01-10 22:45:00,125.29,125.67,125.28,125.47,3012.73846
2019-01-10 23:00:00,125.44,125.52,125.03,125.22,2398.46883
2019-01-10 23:15:00,125.23,125.42,124.97,125.16,2352.69015
2019-01-10 23:30:00,125.16,125.94,125.07,125.87,3326.05977
2019-01-10 23:45:00,125.84,126.43,124.82,124.95,4985.84902
2019-01-11 00:00:00,124.96,125.4,122.2,125.26,15823.46749
2019-01-11 00:15:00,125.27,125.72,124.86,125.37,5524.63919
2019-01-11 00:30:00,125.36,126.58,125.32,126.3,7010.99616
2019-01-11 00:45:00,126.31,127.25,126.18,127.14,7312.27391
2019-01-11 01:00:00,127.14,127.36,126.52,126.58,6084.407
2019-01-11 01:15:00,126.59,126.69,125.8,126.29,5345.84654
2019-01-11 01:30:00,126.29,126.38,125.61,125.78,3637.61982
2019-01-11 01:45:00,125.78,126.13,125.01,125.88,4609.64802
2019-01-11 02:00:00,125.87,126.23,125.7,125.7,2189.5483
2019-01-11 02:15:00,125.68,125.96,125.51,125.65,2356.72801
2019-01-11 02:30:00,125.65,125.7,125.11,125.4,3200.34197
2019-01-11 02:45:00,125.38,125.53,124.72,125.32,4084.90724
2019-01-11 03:00:00,125.33,126.07,125.01,125.43,4776.8023
2019-01-11 03:15:00,125.43,126.16,125.32,125.96,5121.07059
2019-01-11 03:30:00,125.98,126.26,125.25,125.4,6983.42455
2019-01-11 03:45:00,125.38,126.08,125.21,125.68,5159.47627
2019-01-11 04:00:00,125.68,125.8,125.11,125.21,4379.44183
2019-01-11 04:15:00,125.2,125.41,124.18,124.68,7997.50909
2019-01-11 04:30:00,124.68,125.06,124.4,124.62,3561.45746
2019-01-11 04:45:00,124.65,125.22,124.51,125.09,4727.94249
2019-01-11 05:00:00,125.09,125.61,125.03,125.19,7952.0307
2019-01-11 05:15:00,125.25,125.68,124.7,125.44,4842.26836
2019-01-11 05:30:00,125.39,126.29,125.31,125.5,8441.05106
2019-01-11 05:45:00,125.5,126.01,125.47,125.88,6920.08724
2019-01-11 06:00:00,125.88,126.01,125.36,125.51,3266.06367
2019-01-11 06:15:00,125.53,125.92,125.35,125.58,2764.5872
2019-01-11 06:30:00,125.58,126.04,125.51,125.73,3631.62268
2019-01-11 06:45:00,125.73,126.46,125.71,126.24,4296.15355
2019-01-11 07:00:00,126.24,127.12,126.24,126.35,5285.57958
2019-01-11 07:15:00,126.35,126.52,125.8,126.0,4424.46892
2019-01-11 07:30:00,126.01,126.15,125.99,126.09,1904.09897
2019-01-11 07:45:00,126.08,126.55,126.07,126.42,5688.18997
2019-01-11 08:00:00,126.39,126.68,125.22,125.27,6212.08921
2019-01-11 08:15:00,125.27,126.18,125.21,125.72,4286.30948
2019-01-11 08:30:00,125.69,126.19,125.6,126.02,4561.32262
2019-01-11 08:45:00,126.04,126.73,125.4,125.54,8486.74161
2019-01-11 09:00:00,125.55,125.81,125.25,125.8,4450.73568
2019-01-11 09:15:00,125.8,125.85,125.41,125.5,2817.72205
2019-01-11 09:30:00,125.51,125.55,124.34,124.99,8567.31404
2019-01-11 09:45:00,124.99,125.0,123.13,123.7,9130.53563
